"sv.mu","sv.cil","sv.cih"
0.620592599358173,0.523308991825474,0.714472270530047
0.352827824826791,0.234683956709914,0.467586019395666
0.130071945569964,0.041220934211189,0.258549583928533
0.0551617308025487,0.00552259520680428,0.167718065013923
