"sv.mu","sv.cil","sv.cih"
0.93152003013153,0.904936922328896,0.954381397272233
0.737175153892034,0.688629841357638,0.784797156441154
0.522021605908956,0.454806070049514,0.585953521167063
0.182285069967403,0.128477254871991,0.239638518717632
0.091710425023702,0.0552535464408446,0.136783419298503
