"sv.mu","sv.cil","sv.cih"
0.952452569436663,0.922121394824936,0.976622895300206
0.728013254512413,0.664782997541034,0.787214070378603
0.554747530724839,0.483227536366799,0.625680812179083
0.232633662124419,0.177280886012478,0.29931552279197
0.118891456641681,0.0753660241716736,0.169696275911337
