"sv.mu","sv.cil","sv.cih"
0.622980015726761,0.575533207933307,0.67227709141184
0.398508169690548,0.333900208816789,0.463074455389193
0.302059004221466,0.229750164852194,0.377844542563788
0.208940021099257,0.116185012386089,0.306885841701386
0.149421270477876,0.0508675475548214,0.268265730386959
