"sv.mu","sv.cil","sv.cih"
0.598519567256086,0.505374314000391,0.687972273048373
0.263267527596011,0.157848974835675,0.381430366439727
0.201364450322709,0.090333685207028,0.326476015184491
0.159669757407678,0.0421016127963022,0.299540266950723
