"sv.mu","sv.cil","sv.cih"
0.630374512363782,0.561738831774608,0.692789602198609
0.450799490873118,0.363060699987491,0.536044483656923
0.300994351987183,0.197751427174737,0.410505920230936
0.227011965064971,0.119532945291026,0.341719351682748
0.175916379023438,0.0601043422110462,0.311315471530717
0.139431842106785,0.0286900008245886,0.287896934317924
