"sv.mu","sv.cil","sv.cih"
0.95714268761291,0.92819937221994,0.979804328117615
0.73069302979791,0.664041993366732,0.791918265065481
0.559759811903875,0.486573145625791,0.630537843267356
0.274801459516287,0.211637956087212,0.347538130856639
0.168572253125855,0.120002813333691,0.230451241889282
