"sv.mu","sv.cil","sv.cih"
0.616826774195156,0.565059653400573,0.661501878488884
0.449181231343522,0.387266751304645,0.511566197127786
0.341337927491274,0.263105675444074,0.420559445811304
0.298525414962329,0.204877841298864,0.393553026918153
0.2637284994502,0.139608288139747,0.376374584197062
