"sv.mu","sv.cil","sv.cih"
0.925983246260043,0.900084223835216,0.950651935073695
0.747782381343898,0.695224668071293,0.795940899570851
0.535176871801037,0.469337259617337,0.597721618722467
0.265761551572193,0.213757273636283,0.325057793544622
0.149755780418399,0.0959994920623621,0.210473136713761
